MeSH Headings	records	% of 1678
HUMANS	1115	66.448
FEMALE	501	29.857
MALE	407	24.255
ADULT	312	18.594
COMMUNICATION	248	14.779
YOUNG ADULT	235	14.005
HEALTH KNOWLEDGE ATTITUDES PRACTICE	196	11.681
MIDDLE AGED	187	11.144
ADOLESCENT	185	11.025
UNITED STATES	127	7.569
SURVEYS AND QUESTIONNAIRES	110	6.555
INTERNET	106	6.317
SOCIAL MEDIA	105	6.257
CHILD	103	6.138
AGED	99	5.900
MENTAL RECALL	78	4.648
VACCINATION	77	4.589
PREGNANCY	76	4.529
INFORMATION DISSEMINATION	72	4.291
QUALITATIVE RESEARCH	67	3.993
PROPAGANDA	63	3.754
CROSS SECTIONAL STUDIES	61	3.635
HISTORY 20TH CENTURY	60	3.576
CHILD PRESCHOOL	54	3.218
HEALTH EDUCATION	53	3.159
POLITICS	53	3.159
DECEPTION	52	3.099
PATIENT ACCEPTANCE OF HEALTH CARE	50	2.980
INFANT	49	2.920
ANIMALS	48	2.861
MEMORY	48	2.861
ATTITUDE TO HEALTH	47	2.801
PUBLIC OPINION	46	2.741
MASS MEDIA	44	2.622
PATIENT EDUCATION AS TOPIC	44	2.622
CHINA	43	2.563
PUBLIC HEALTH	41	2.443
FOCUS GROUPS	40	2.384
PARENTS	39	2.324
ATTITUDE OF HEALTH PERSONNEL	38	2.265
INTERVIEWS AS TOPIC	37	2.205
AGED 80 AND OVER	36	2.145
SUGGESTION	35	2.086
DECISION MAKING	34	2.026
HEALTH PROMOTION	34	2.026
CONSUMER HEALTH INFORMATION	33	1.967
HEALTH SERVICES ACCESSIBILITY	32	1.907
HEALTH PERSONNEL	31	1.847
RECOGNITION PSYCHOLOGY	31	1.847
RISK ASSESSMENT	30	1.788
SOCIOECONOMIC FACTORS	30	1.788
HIV INFECTIONS	29	1.728
EMOTIONS	28	1.669
TIME FACTORS	28	1.669
VACCINES	28	1.669
RISK FACTORS	27	1.609
SOCIAL STIGMA	27	1.609
INFANT NEWBORN	26	1.549
REPRESSION PSYCHOLOGY	26	1.549
AGE FACTORS	24	1.430
ATTITUDE	24	1.430
BIOMEDICAL RESEARCH	24	1.430
COGNITION	23	1.371
DISEASE OUTBREAKS	23	1.371
EVIDENCE BASED MEDICINE	23	1.371
PERCEPTION	23	1.371
RETROSPECTIVE STUDIES	23	1.371
INFLUENZA HUMAN	22	1.311
PAPILLOMAVIRUS INFECTIONS	22	1.311
PAPILLOMAVIRUS VACCINES	22	1.311
SEXUAL BEHAVIOR	22	1.311
UNITED KINGDOM	22	1.311
CULTURE	21	1.251
FEAR	21	1.251
GERMANY	21	1.251
TRUST	21	1.251
ALGORITHMS	20	1.192
HEALTH POLICY	20	1.192
INFORMATION SEEKING BEHAVIOR	20	1.192
JUDGMENT	20	1.192
NEOPLASMS	20	1.192
SCIENCE	20	1.192
BRAZIL	19	1.132
FAMILY PLANNING SERVICES	19	1.132
HEALTH BEHAVIOR	19	1.132
HISTORY 19TH CENTURY	19	1.132
MASS SCREENING	19	1.132
REPRODUCIBILITY OF RESULTS	19	1.132
ADVERTISING AS TOPIC	18	1.073
ANALYSIS OF VARIANCE	18	1.073
CONTRACEPTION	18	1.073
INFLUENZA VACCINES	18	1.073
PRACTICE GUIDELINES AS TOPIC	18	1.073
RURAL POPULATION	18	1.073
STUDENTS	18	1.073
ATTENTION	17	1.013
BREAST NEOPLASMS	17	1.013
FRANCE	17	1.013
RETENTION PSYCHOLOGY	17	1.013
SOCIAL SUPPORT	17	1.013
DELIVERY OF HEALTH CARE	16	0.954
FAMILY	16	0.954
HEMORRHAGIC FEVER EBOLA	16	0.954
KNOWLEDGE	16	0.954
PHYSICIAN PATIENT RELATIONS	16	0.954
PHYSICIANS	16	0.954
PREVALENCE	16	0.954
SOCIAL NETWORKING	16	0.954
TREATMENT OUTCOME	16	0.954
COMMUNICATIONS MEDIA	15	0.894
DATA COLLECTION	15	0.894
MOTION PICTURES	15	0.894
PERIODICALS AS TOPIC	15	0.894
TRUTH DISCLOSURE	15	0.894
ABORTION INDUCED	14	0.834
CAREGIVERS	14	0.834
CHOICE BEHAVIOR	14	0.834
DRUG INDUSTRY	14	0.834
EARLY DETECTION OF CANCER	14	0.834
EUROPE	14	0.834
LEARNING	14	0.834
MOTHERS	14	0.834
PILOT PROJECTS	14	0.834
PROFESSIONAL PATIENT RELATIONS	14	0.834
SMOKING	14	0.834
COMPREHENSION	13	0.775
CUES	13	0.775
DIET	13	0.775
HEALTH SERVICES NEEDS AND DEMAND	13	0.775
IMMUNIZATION PROGRAMS	13	0.775
ITALY	13	0.775
MEMORY EPISODIC	13	0.775
PHOTIC STIMULATION	13	0.775
RESEARCH DESIGN	13	0.775
RUSSIA	13	0.775
SOCIAL PERCEPTION	13	0.775
UTERINE CERVICAL NEOPLASMS	13	0.775
VIDEO RECORDING	13	0.775
ACCESS TO INFORMATION	12	0.715
INDIA	12	0.715
LANGUAGE	12	0.715
PATIENT COMPLIANCE	12	0.715
RISK	12	0.715
SEARCH ENGINE	12	0.715
UNIVERSITIES	12	0.715
AFRICAN AMERICANS	11	0.656
ALCOHOL DRINKING	11	0.656
AUSTRALIA	11	0.656
BREAST FEEDING	11	0.656
COMMERCE	11	0.656
CONTRACEPTION BEHAVIOR	11	0.656
HEALTH CARE SURVEYS	11	0.656
HEALTH COMMUNICATION	11	0.656
HEALTH LITERACY	11	0.656
INTERPERSONAL RELATIONS	11	0.656
LIFE STYLE	11	0.656
MEDICATION ADHERENCE	11	0.656
MILITARY PERSONNEL	11	0.656
PREJUDICE	11	0.656
PROSPECTIVE STUDIES	11	0.656
SOCIAL BEHAVIOR	11	0.656
TELEVISION	11	0.656
UGANDA	11	0.656
VISUAL PERCEPTION	11	0.656
ADAPTATION PSYCHOLOGICAL	10	0.596
ANTI BACTERIAL AGENTS	10	0.596
ETHNIC GROUPS	10	0.596
GLOBAL HEALTH	10	0.596
HISTORY 21ST CENTURY	10	0.596
INFORMED CONSENT	10	0.596
MENTAL DISORDERS	10	0.596
MODELS THEORETICAL	10	0.596
MOTIVATION	10	0.596
NARRATION	10	0.596
PANDEMICS	10	0.596
QUALITY OF LIFE	10	0.596
SOCIETIES MEDICAL	10	0.596
TISSUE AND ORGAN PROCUREMENT	10	0.596
BIAS	9	0.536
CARDIOVASCULAR DISEASES	9	0.536
DEVELOPING COUNTRIES	9	0.536
INFLUENZA A VIRUS H1N1 SUBTYPE	9	0.536
INSURANCE HEALTH	9	0.536
INTERNATIONALITY	9	0.536
LOGISTIC MODELS	9	0.536
MARKETING	9	0.536
MEDICAL INFORMATICS	9	0.536
NEUROPSYCHOLOGICAL TESTS	9	0.536
PROGRAM EVALUATION	9	0.536
RESEARCH	9	0.536
RESEARCH PERSONNEL	9	0.536
SCIENTIFIC MISCONDUCT	9	0.536
SELF CONCEPT	9	0.536
SMOKING CESSATION	9	0.536
SOUTH AFRICA	9	0.536
STEREOTYPING	9	0.536
STRESS PSYCHOLOGICAL	9	0.536
URBAN POPULATION	9	0.536
AGING	8	0.477
ANXIETY	8	0.477
AWARENESS	8	0.477
BRAIN	8	0.477
CANADA	8	0.477
COUNSELING	8	0.477
DISSENT AND DISPUTES	8	0.477
GHANA	8	0.477
HEALTH SURVEYS	8	0.477
HOMOSEXUALITY MALE	8	0.477
INCIDENCE	8	0.477
NATIONAL SOCIALISM	8	0.477
NEWSPAPERS AS TOPIC	8	0.477
NIGERIA	8	0.477
PATIENT SAFETY	8	0.477
POVERTY	8	0.477
PREGNANCY COMPLICATIONS	8	0.477
PRIMARY HEALTH CARE	8	0.477
PROGNOSIS	8	0.477
QUALITY OF HEALTH CARE	8	0.477
READING	8	0.477
RESIDENCE CHARACTERISTICS	8	0.477
SCHOOLS	8	0.477
SPAIN	8	0.477
TREATMENT REFUSAL	8	0.477
TUBERCULOSIS	8	0.477
WOMEN S HEALTH	8	0.477
ABORTION LEGAL	7	0.417
ANALGESICS OPIOID	7	0.417
AUTISTIC DISORDER	7	0.417
BLOGGING	7	0.417
CHILD DEVELOPMENT	7	0.417
CLIMATE CHANGE	7	0.417
CLINICAL TRIALS AS TOPIC	7	0.417
COMPUTER SIMULATION	7	0.417
CONFLICT OF INTEREST	7	0.417
COOPERATIVE BEHAVIOR	7	0.417
CRIME	7	0.417
CULTURAL CHARACTERISTICS	7	0.417
EMIGRANTS AND IMMIGRANTS	7	0.417
FOLLOW UP STUDIES	7	0.417
FOOD INDUSTRY	7	0.417
HISPANIC AMERICANS	7	0.417
INDIVIDUALITY	7	0.417
INTERNSHIP AND RESIDENCY	7	0.417
IRELAND	7	0.417
MAGNETIC RESONANCE IMAGING	7	0.417
MARKETING OF HEALTH SERVICES	7	0.417
MEASLES	7	0.417
MODELS PSYCHOLOGICAL	7	0.417
OBESITY	7	0.417
PAPILLOMAVIRIDAE	7	0.417
PARENT CHILD RELATIONS	7	0.417
PATIENT SATISFACTION	7	0.417
PATIENT SELECTION	7	0.417
PATIENTS	7	0.417
PEDIATRICS	7	0.417
PERSUASIVE COMMUNICATION	7	0.417
PHOTOGRAPHY	7	0.417
POLIOMYELITIS	7	0.417
PRENATAL CARE	7	0.417
PROFESSIONAL FAMILY RELATIONS	7	0.417
PUBLIC POLICY	7	0.417
PUBLISHING	7	0.417
RISK REDUCTION BEHAVIOR	7	0.417
SEMANTICS	7	0.417
SOCIAL IDENTIFICATION	7	0.417
STUDENTS MEDICAL	7	0.417
STUDENTS NURSING	7	0.417
SURVIVORS	7	0.417
TERRORISM	7	0.417
TESTOSTERONE	7	0.417
UNCERTAINTY	7	0.417
VACCINATION REFUSAL	7	0.417
ACQUIRED IMMUNODEFICIENCY SYNDROME	6	0.358
AFRICA WESTERN	6	0.358
ANTI VACCINATION MOVEMENT	6	0.358
AROUSAL	6	0.358
AUDITORY PERCEPTION	6	0.358
COMMUNITY BASED PARTICIPATORY RESEARCH	6	0.358
CONGRESSES AS TOPIC	6	0.358
CONSERVATION OF NATURAL RESOURCES	6	0.358
CONSUMER ADVOCACY	6	0.358
CONTRACEPTION POSTCOITAL	6	0.358
CULTURAL DIVERSITY	6	0.358
CURRICULUM	6	0.358
DEPRESSION	6	0.358
DEPRESSIVE DISORDER	6	0.358
DISCLOSURE	6	0.358
EDUCATION MEDICAL CONTINUING	6	0.358
EDUCATIONAL STATUS	6	0.358
EMERGENCY SERVICE HOSPITAL	6	0.358
EPIDEMICS	6	0.358
EXERCISE	6	0.358
FEASIBILITY STUDIES	6	0.358
FEEDING BEHAVIOR	6	0.358
FERTILITY	6	0.358
FORECASTING	6	0.358
GOVERNMENT REGULATION	6	0.358
GUIDELINE ADHERENCE	6	0.358
HEALTH CARE REFORM	6	0.358
HEALTH STATUS	6	0.358
HISTORY ANCIENT	6	0.358
HOSPITALIZATION	6	0.358
INTERNATIONAL COOPERATION	6	0.358
INTERVIEW PSYCHOLOGICAL	6	0.358
ISLAM	6	0.358
LEADERSHIP	6	0.358
LYME DISEASE	6	0.358
MAMMOGRAPHY	6	0.358
MATERNAL HEALTH SERVICES	6	0.358
MEASLES MUMPS RUBELLA VACCINE	6	0.358
MEMORY DISORDERS	6	0.358
MEMORY SHORT TERM	6	0.358
MENTAL HEALTH	6	0.358
MILITARY MEDICINE	6	0.358
NEW ZEALAND	6	0.358
OPIOID RELATED DISORDERS	6	0.358
PAKISTAN	6	0.358
PEER GROUP	6	0.358
PRACTICE PATTERNS PHYSICIANS	6	0.358
PROSTATIC NEOPLASMS	6	0.358
RACISM	6	0.358
RANDOMIZED CONTROLLED TRIALS AS TOPIC	6	0.358
REFERRAL AND CONSULTATION	6	0.358
REPRODUCTIVE HEALTH	6	0.358
RISK TAKING	6	0.358
SMOKING PREVENTION	6	0.358
SOCIAL RESPONSIBILITY	6	0.358
SUBSTANCE RELATED DISORDERS	6	0.358
TERMINOLOGY AS TOPIC	6	0.358
TRANSIENTS AND MIGRANTS	6	0.358
TURKEY	6	0.358
UNITED STATES FOOD AND DRUG ADMINISTRATION	6	0.358
WORLD WAR I	6	0.358
ACADEMIES AND INSTITUTES	5	0.298
ADMINISTRATIVE PERSONNEL	5	0.298
ADOLESCENT BEHAVIOR	5	0.298
AMBULATORY CARE FACILITIES	5	0.298
ANTHROPOLOGY CULTURAL	5	0.298
ANTIPSYCHOTIC AGENTS	5	0.298
AUTISM SPECTRUM DISORDER	5	0.298
BAYES THEOREM	5	0.298
BURNS	5	0.298
CASE CONTROL STUDIES	5	0.298
CENTERS FOR DISEASE CONTROL AND PREVENTION U S	5	0.298
CESAREAN SECTION	5	0.298
CHRONIC DISEASE	5	0.298
CLINICAL COMPETENCE	5	0.298
CLINICAL MEDICINE	5	0.298
COLORECTAL NEOPLASMS	5	0.298
COMMUNICABLE DISEASE CONTROL	5	0.298
COMMUNISM	5	0.298
COMMUNITY HEALTH SERVICES	5	0.298
CONTRACEPTIVE AGENTS	5	0.298
DATA ACCURACY	5	0.298
DATABASES FACTUAL	5	0.298
DELIVERY OBSTETRIC	5	0.298
DIETARY SUPPLEMENTS	5	0.298
DRUG INTERACTIONS	5	0.298
EDUCATION NURSING CONTINUING	5	0.298
ELECTRONIC NICOTINE DELIVERY SYSTEMS	5	0.298
EMERGENCY MEDICAL SERVICES	5	0.298
ENGLAND	5	0.298
EQUIPMENT DESIGN	5	0.298
EXPERT TESTIMONY	5	0.298
FAMILY CHARACTERISTICS	5	0.298
FAMOUS PERSONS	5	0.298
FLUORIDATION	5	0.298
FOOD SAFETY	5	0.298
FRIENDS	5	0.298
GROUP PROCESSES	5	0.298
HEALTH STATUS DISPARITIES	5	0.298
HEALTHCARE DISPARITIES	5	0.298
HEPATITIS B	5	0.298
HORMONE REPLACEMENT THERAPY	5	0.298
HOSPITALS PEDIATRIC	5	0.298
HYGIENE	5	0.298
IMAGINATION	5	0.298
INTRAUTERINE DEVICES	5	0.298
JAPAN	5	0.298
LIFE CHANGE EVENTS	5	0.298
MENTAL HEALTH SERVICES	5	0.298
MIDWIFERY	5	0.298
NETHERLANDS	5	0.298
NORTH CAROLINA	5	0.298
PAIN	5	0.298
PATIENT ADVOCACY	5	0.298
PATIENT PREFERENCE	5	0.298
PATTERN RECOGNITION VISUAL	5	0.298
PHYSICIAN S ROLE	5	0.298
PLANTS GENETICALLY MODIFIED	5	0.298
POLAND	5	0.298
POSTPARTUM PERIOD	5	0.298
POWER PSYCHOLOGY	5	0.298
PRESCRIPTION DRUGS	5	0.298
PRIMARY PREVENTION	5	0.298
PSYCHIATRY	5	0.298
PUBLICATIONS	5	0.298
RECONSTRUCTIVE SURGICAL PROCEDURES	5	0.298
REPRODUCTIVE RIGHTS	5	0.298
SECONDARY PREVENTION	5	0.298
SEVERITY OF ILLNESS INDEX	5	0.298
SEX EDUCATION	5	0.298
SEX FACTORS	5	0.298
SEXUALLY TRANSMITTED DISEASES	5	0.298
SOCIAL CONDITIONS	5	0.298
STATE MEDICINE	5	0.298
TELEMEDICINE	5	0.298
THINKING	5	0.298
TISSUE DONORS	5	0.298
TOBACCO INDUSTRY	5	0.298
USSR	5	0.298
VIOLENCE	5	0.298
VULNERABLE POPULATIONS	5	0.298
WOMEN S RIGHTS	5	0.298
WORLD HEALTH ORGANIZATION	5	0.298
ZIKA VIRUS INFECTION	5	0.298
AFFECT	4	0.238
AGRICULTURE	4	0.238
ANDROGENS	4	0.238
ANTIDEPRESSIVE AGENTS	4	0.238
ANTINEOPLASTIC AGENTS	4	0.238
ARTIFICIAL INTELLIGENCE	4	0.238
BIOLOGICAL EVOLUTION	4	0.238
BISEXUALITY	4	0.238
BODY IMAGE	4	0.238
BRAIN MAPPING	4	0.238
CALIFORNIA	4	0.238
CAREER CHOICE	4	0.238
CHILD HEALTH SERVICES	4	0.238
CITIES	4	0.238
COERCION	4	0.238
COHORT STUDIES	4	0.238
COMORBIDITY	4	0.238
COMPLEMENTARY THERAPIES	4	0.238
CONFIDENTIALITY	4	0.238
COSMETIC TECHNIQUES	4	0.238
COST BENEFIT ANALYSIS	4	0.238
CRIMINAL LAW	4	0.238
CROSS CULTURAL COMPARISON	4	0.238
DATA MINING	4	0.238
DELAYED ACTION PREPARATIONS	4	0.238
DEMOGRAPHY	4	0.238
DENTAL CARE	4	0.238
DENTAL CARIES	4	0.238
DERMATITIS ATOPIC	4	0.238
DERMATOLOGIC AGENTS	4	0.238
DIABETES MELLITUS TYPE 1	4	0.238
DIABETES MELLITUS TYPE 2	4	0.238
DIAGNOSIS DIFFERENTIAL	4	0.238
DIRECT TO CONSUMER ADVERTISING	4	0.238
DISCRIMINATION PSYCHOLOGY	4	0.238
DISEASE ERADICATION	4	0.238
DRUG ADMINISTRATION SCHEDULE	4	0.238
DRUG INFORMATION SERVICES	4	0.238
DRUG THERAPY COMBINATION	4	0.238
EDUCATION	4	0.238
EDUCATIONAL MEASUREMENT	4	0.238
EMERGENCIES	4	0.238
ENVIRONMENTAL HEALTH	4	0.238
EPILEPSY	4	0.238
EVALUATION STUDIES AS TOPIC	4	0.238
EVOKED POTENTIALS	4	0.238
FEEDING AND EATING DISORDERS	4	0.238
FETAL BLOOD	4	0.238
FETUS	4	0.238
GENDER IDENTITY	4	0.238
GENETIC TESTING	4	0.238
GEORGIA	4	0.238
GLUCOCORTICOIDS	4	0.238
GUIDELINES AS TOPIC	4	0.238
HEALTH SERVICES	4	0.238
HUMAN RIGHTS	4	0.238
HYDROCORTISONE	4	0.238
HYDROXYMETHYLGLUTARYL COA REDUCTASE INHIBITORS	4	0.238
ILLUSIONS	4	0.238
INDUSTRY	4	0.238
INFLAMMATORY BOWEL DISEASES	4	0.238
INFORMATION SERVICES	4	0.238
JOURNALISM	4	0.238
JURISPRUDENCE	4	0.238
KENYA	4	0.238
MALARIA	4	0.238
MARIJUANA SMOKING	4	0.238
MARYLAND	4	0.238
MASS BEHAVIOR	4	0.238
MASS VACCINATION	4	0.238
MEDICALLY UNDERSERVED AREA	4	0.238
MENTAL PROCESSES	4	0.238
METHADONE	4	0.238
MEXICO	4	0.238
MYANMAR	4	0.238
NATIONAL HEALTH PROGRAMS	4	0.238
NATURAL FAMILY PLANNING METHODS	4	0.238
NEEDS ASSESSMENT	4	0.238
NUTRITION POLICY	4	0.238
NUTRITIONAL STATUS	4	0.238
OCCUPATIONAL DISEASES	4	0.238
ONLINE SYSTEMS	4	0.238
ORTHOPEDICS	4	0.238
PATIENT CARE TEAM	4	0.238
(2024 MeSH Headings value(s) outside display options.)
(485 records (28.903%) do not contain data in the field being analyzed.)
